mysql>  select count(*) from covid_cases;
+----------+
| count(*) |
+----------+
|      522 |
+----------+

mysql>  select count(*) from testing;
+----------+
| count(*) |
+----------+
|      266 |
+----------+

mysql>  select count(*) from vaccine;
+----------+
| count(*) |
+----------+
|      208 |
+----------+

/* inner join */

mysql> SELECT c.sno, c.date ,c.confirmed, t.totalsamples, t.positive
    -> FROM  covid_cases c INNER JOIN testing t
    -> ON c.date=t.date ;
+-----+------------+-----------+--------------+----------+
| sno | date       | confirmed | totalsamples | positive |
+-----+------------+-----------+--------------+----------+
|  28 | 05-04-2020 |       490 |        16008 |        0 |
|  29 | 06-04-2020 |       748 |        17563 |      868 |
|  30 | 07-04-2020 |       868 |        20877 |     1018 |
  ---
| 294 | 27-12-2020 |   1916236 |     12502554 |        0 |
| 295 | 28-12-2020 |   1919550 |     12543772 |        0 |
| 296 | 29-12-2020 |   1922048 |     12600754 |        0 |
| 297 | 30-12-2020 |   1925066 |     12672259 |        0 |
| 298 | 31-12-2020 |   1928603 |     12747633 |        0 |
+-----+------------+-----------+--------------+----------+
266 rows in set (0.01 sec)


/* right outer join */

mysql> SELECT c.date, c.date, v.sites , v.TotalIndividualsVaccinated FROM covid_cases c  right  outer JOIN vaccine v ON c.date = v.Updated_On ;
+------------+------------+-------+----------------------------+
| date       | date       | sites | TotalIndividualsVaccinated |
+------------+------------+-------+----------------------------+
| 16-01-2021 | 16-01-2021 |   174 |                       5726 |
| 17-01-2021 | 17-01-2021 |   216 |                       6521 |
| 18-01-2021 | 18-01-2021 |   320 |                       6151 |
  ---
| 08-08-2021 | 08-08-2021 |   943 |                          0 |
| 09-08-2021 | 09-08-2021 |  3896 |                          0 |
| 10-08-2021 | 10-08-2021 |     0 |                          0 |
| 11-08-2021 | 11-08-2021 |     0 |                          0 |
+------------+------------+-------+----------------------------+
208 rows in set (0.00 sec)

/* left outer join */

mysql> SELECT c.sno, c.date ,c.confirmed, t.totalsamples, t.positive FROM  covid_cases c left outer JOIN testing t ON c.date=t.date ;
+-----+------------+-----------+--------------+----------+
| sno | date       | confirmed | totalsamples | positive |
+-----+------------+-----------+--------------+----------+
|   1 | 09-03-2020 |         2 |         NULL |     NULL |
|   2 | 10-03-2020 |         5 |         NULL |     NULL |
|   3 | 11-03-2020 |         2 |         NULL |     NULL |
|   4 | 12-03-2020 |        11 |         NULL |     NULL |
  ---
| 517 | 08-08-2021 |   6347820 |         NULL |     NULL |
| 518 | 09-08-2021 |   6353328 |         NULL |     NULL |
| 519 | 10-08-2021 |   6357833 |         NULL |     NULL |
| 520 | 11-08-2021 |   6363442 |         NULL |     NULL |
| 521 | 01-10-2021 |   6550856 |         NULL |     NULL |
| 522 | 21-07-2021 |   6229596 |         NULL |     NULL |
+-----+------------+-----------+--------------+----------+
522 rows in set (0.00 sec)